Launch Related ,Post date,Topic Alignment,Product/ Capability/ Feature ,Type,Title ,Data Superhero ,Link ,Included in DSH Newsletter,Column 9,Formatted for DSH Newsletter ,DSH Newsletter 
,2026-01-27,AI ,Semantic Layer ,Blog/ Article ,7 Strategic AI & Semantic Layer Tips ,Dan Galavan ,https://galavan.com/ai-strategy-semantic-layer-tips/,2026-02-17,,"[LinkedIn Post] You can't manage what you can't measure. Now Snowflake gives you full visibility into your AI agent costs and usage too!, Pawel Potasinski, https://www.linkedin.com/posts/pawelpotasinski_snowflake-cortexagents-snowflakeintelligence-activity-7431986441460580352-zDAs?utm_source=share&utm_medium=member_desktop&rcm=ACoAAABpFkcBjOoTtqnWcxvXPd8iBVqQ3YEqfrQ",
,2026-02-01,Data Engineering,What's new,LinkedIn Post,New UUID Data Type in Snowflake ,Madhivanan Anbalagan ,https://www.linkedin.com/posts/madhiceg_snowflake-datasuperhero-uuid-activity-7423930878302687232-tqcJ?utm_source=social_share_send&utm_medium=member_desktop_web&rcm=ACoAAA_hpl8BomiGTdbg4k-KvFR1_Ka-Sfe36tI,2026-02-17,,"[LinkedIn Post] Inspired 🌼 to create a Cortex Code Streamlit App , Joyce Avila, https://www.linkedin.com/posts/joycekayavila_snowflakecommunity-datasuperhero-snowflakesquad-share-7433902431534530560-7Sku?utm_source=share&utm_medium=member_desktop&rcm=ACoAABTAh3sBECTefYuXiGje_rq6WlYCY3inX1I",
,2026-02-02,Data Engineering,Apache Iceberg and Apache Polaris,Video,Behind the Cape: Open Catalog + Iceberg,Keith Belanger and Saurabh Kumar,Behind The Cape - Snowflake Apache Iceberg  and Polaris,2026-02-17,,"[LinkedIn Post] Melbourne STUG March 2026 Meetup, Felix Chou, https://www.linkedin.com/posts/felixchou_snowflake-stug-snowflakecommunity-activity-7430148711017590784-e8Z1?utm_source=share&utm_medium=member_desktop&rcm=ACoAAACYXTIB_L8eowr3i2p1658JhLd9UuLXlv0",
,2026-02-02,General,What's new,Blog/ Article ,Data Platform News (January 2026),Pawel Potasinski,https://www.linkedin.com/pulse/data-platform-news-january-2026-pawel-potasinski-wag6f/?trackingId=xLNJZzzxwkDqcaO%2Bt7xufg%3D%3D,2026-02-17,,"[Blog/ Article] Building a dbt Incremental Model for Parsing and Chunking PDFs for Snowflake Cortex Search Service https://dev.to/sagara/building-a-dbt-incremental-model-for-parsing-and-chunking-pdfs-for-snowflake-cortex-search-service-3eik, Satoshi Sagara",
,2026-02-03,Events/ Community,BUILD,LinkedIn Post,Women on Snowflake: Join in 1 hour - live broadcast from BUILD London event,Anastasiia Stefanska,https://www.linkedin.com/feed/update/urn:li:activity:7424378841638395905,2026-02-17,,"[LinkedIn Post] Semantic View Autopilot, Pascal Pfäffle, https://www.linkedin.com/posts/pascalpfaeffle_from-queries-to-clarity-automating-your-activity-7426911426524569600-f-F9?utm_source=share&utm_medium=member_desktop&rcm=ACoAACaxhpMBiH5FJABN9RkNQRem311U1kqLA4s",
true,2026-02-03,AI ,Cortex Code,Blog/ Article ,From Zero to Medallion Architecture: Accelerating Snowflake Setup with Cortex Code CLI,Augusto Rosa ,https://medium.com/archetype-consulting/from-zero-to-medallion-architecture-accelerating-snowflake-setup-with-cortex-code-cli-cafd182686be ,2026-02-17,,"[LinkedIn Post] Pixel to Insight: Scaling Visual Intelligence with Snowflake AI_PARSE_DOCUMENT https://www.linkedin.com/posts/pascalpfaeffle_pixel-to-insight-scaling-visual-intelligence-activity-7423994845997830144-QwQl?utm_source=share&utm_medium=member_desktop&rcm=ACoAACaxhpMBiH5FJABN9RkNQRem311U1kqLA4s, Pascal Pfäffle",
,2026-02-05,AI ,Cortex AI Functions,LinkedIn Post,Did you know you can use AI_PARSE_DOCUMENT to extract images from documents?,Pawel Potasinski,https://www.linkedin.com/posts/pawelpotasinski_snowflake-ai-cortex-activity-7424738628532174849-Kqie?utm_source=share&utm_medium=member_desktop&rcm=ACoAAABpFkcBjOoTtqnWcxvXPd8iBVqQ3YEqfrQ,2026-02-17,,"[LinkedIn Post] Data4Breakfast Germany https://www.linkedin.com/posts/pascalpfaeffle_stop-reacting-to-trends-start-building-the-activity-7430271400323497985-grXc?utm_source=share&utm_medium=member_desktop&rcm=ACoAACaxhpMBiH5FJABN9RkNQRem311U1kqLA4s, Pascal Pfäffle",
true,2026-02-06,AI ,Cortex Code,LinkedIn Post,My Friday just got much better. ☕ 🥐 Thanks Snowflake.,Anastasiia Stefanska,https://www.linkedin.com/posts/anastasiastefanska_my-friday-just-got-much-better-thanks-activity-7425456539345403904-4kXZ?utm_source=share&utm_medium=member_desktop&rcm=ACoAAAYy0M4Ba7_UVPizFbZfS_Zs6iJDjIgc-uM,2026-02-17,,"[LinkedIn Post] Beyond Role Sprawl: Scalable Governance with Snowflake Database Roles, Pascal Pfäffle, https://www.linkedin.com/posts/pascalpfaeffle_beyond-role-sprawl-mastering-snowflake-database-activity-7433424481114779648-kpDD?utm_source=share&utm_medium=member_desktop&rcm=ACoAACaxhpMBiH5FJABN9RkNQRem311U1kqLA4s",
true,2026-02-06,AI ,Cortex Code,LinkedIn Post,"Hey Snowflakers, what will you vibe code today?",Pawel Potasinski,https://www.linkedin.com/posts/pawelpotasinski_snowflake-cortexcode-ai-activity-7425100995782754305-Lv3F?utm_source=share&utm_medium=member_desktop&rcm=ACoAAABpFkcBjOoTtqnWcxvXPd8iBVqQ3YEqfrQ,2026-02-17,,"[LinkedIn Post] You can't manage what you can't measure. Now Snowflake gives you full visibility into your AI agent costs and usage too!, Pawel Potasinski, https://www.linkedin.com/posts/pawelpotasinski_snowflake-cortexagents-snowflakeintelligence-activity-7431986441460580352-zDAs?utm_source=share&utm_medium=member_desktop&rcm=ACoAAABpFkcBjOoTtqnWcxvXPd8iBVqQ3YEqfrQ",
,2026-02-06,AI ,Cortex AI Functions,LinkedIn Post,AI Summarise Agg functiona and its Usecase,Riya Khandelwal,https://www.linkedin.com/posts/riyakhandelwal_%F0%9D%97%94%F0%9D%97%9C%F0%9D%97%A6%F0%9D%97%A8%F0%9D%97%A0%F0%9D%97%A0%F0%9D%97%94%F0%9D%97%A5%F0%9D%97%9C%F0%9D%97%AD%F0%9D%97%98%F0%9D%97%94%F0%9D%97%9A%F0%9D%97%9A-solves-a-activity-7424647917120135168-it7g?utm_source=share&utm_medium=member_desktop&rcm=ACoAAB2PgcYBKz49p1yEcPIiQrrsvsga68Qk2kA,2026-02-17,,"[Blog/ Article] Demystifying Snowflake Cortex Code (CoCo)Demystifying Snowflake Cortex Code (CoCo) https://www.linkedin.com/posts/saurabh-kr15_demystifying-snowflake-cortex-code-coco-activity-7431472879457751040-91OI?utm_source=share&utm_medium=member_desktop&rcm=ACoAAAMkckkBB9EwZZjVkVprmWq7vkaHbQP52bE, Saurabh Kumar",
true,2026-02-07,AI ,Cortex Code,Video,Cortex Code - First Impression Day After Release - No Edits,Anastasiia Stefanska,https://www.youtube.com/watch?v=-NUJ_Y9TK78&t=14s,2026-02-17,,"[LinkedIn Post] From Vision to Execution: A Data Leader’s Guide to Snowflake Cortex Code, Rajiv Gupta, https://www.linkedin.com/posts/rajiv-gupta-618b0228_snowflake-cortexcode-dataleadership-activity-7430205997580861441-zFLr?utm_source=share&utm_medium=member_desktop&rcm=ACoAAAXb1PQBpt3iLfOGRWE_fYkrkXVt0TU0AX8",
true,2026-02-07,AI ,Cortex Code,LinkedIn Post,"You won't believe it: My first ever YouTube video - no overthinking, no edits, just pure fun making Cortex Analyst and Cortex Agent with Cortex Code",Anastasiia Stefanska,https://www.linkedin.com/posts/anastasiastefanska_cortex-code-first-impression-day-after-activity-7425911147402395648-U_gV?utm_source=share&utm_medium=member_desktop&rcm=ACoAAAYy0M4Ba7_UVPizFbZfS_Zs6iJDjIgc-uM,2026-02-17,,"[LinkedIn Post] Pune User Group Feb Meetup, Rajiv Gupta, https://www.linkedin.com/posts/rajiv-gupta-618b0228_puneusergroup-share-7430880094367195136-yhI8?utm_source=share&utm_medium=member_desktop&rcm=ACoAAAXb1PQBpt3iLfOGRWE_fYkrkXVt0TU0AX8",
true,2026-02-09,AI ,Cortex Code,Blog/ Article ,Snowflake Cortex Code and DataOps.live ,Guy Adams ,https://www.dataops.live/blog/cortex-code-coco-dataops-automation-1,2026-02-17,,"[Blog/ Article] Snowflake + Observe: ¿Qué representa para el data journey de las organizaciones? https://alb3rtoalonso.com/2026/01/12/snowflake-observe-que-representa-para-el-data-journey-de-las-organizaciones/, Alberto Alonso Marcos",
,2026-02-10,Events/ Community,,LinkedIn Post,Looking Ahead to Snowflake SKO FY27,Karthik Raman ,https://www.linkedin.com/posts/karthik-s-raman_snowflake-datasuperhero-ltimindtreexsnowflake-activity-7425002824486486016--ch9?utm_source=share&utm_medium=member_desktop&rcm=ACoAAAXrp-sBG3HumeYUsk43eDqyMCTcV9AKQZ0,2026-02-17,,"[Blog/ Article] Building a dbt Incremental Model for Parsing and Chunking PDFs for Snowflake Cortex Search Service https://dev.to/sagara/building-a-dbt-incremental-model-for-parsing-and-chunking-pdfs-for-snowflake-cortex-search-service-3eik, Satoshi Sagara",
,2026-02-11,AI ,Cortex Agents,Blog/ Article ,Dashboards are dead! Killed by agents.,Pawel Potasinski,https://www.linkedin.com/pulse/dashboards-dead-killed-agents-pawel-potasinski-dlkcf/?trackingId=I%2BNxwn5GUz5EhEw1%2Bv7Uww%3D%3D,2026-02-17,,"[Blog/ Article] Backups Inmutables de Snowflake para simplificar la gestión de los datos https://alb3rtoalonso.com/2026/01/08/backups-inmutables-de-snowflake-para-simplificar-la-gestion-de-los-datos/, Alberto Alonso Marcos",
,2026-02-12,AI ,Cortex Agent Monitoring,Video,Avoid my mistake: how to access Cortex Agent logs in Snowflake and not go crazy!,Anastasiia Stefanska,https://www.youtube.com/watch?v=x4UmmRbPB9I&t=2s,2026-02-17,,"[Blog/ Article] Snowflake + Microsoft Fabric: el futuro de la interoperabilidad abierta con Apache Iceberg y https://alb3rtoalonso.com/2026/02/18/snowflake-microsoft-fabric-el-futuro-de-la-interoperabilidad-abierta-con-apache-iceberg-and-onelake/, Alberto Alonso Marcos",
,2026-02-12,AI ,Cortex Agent Monitoring,LinkedIn Post,My second YouTube video is out: Accessing Cortex Agent Logs (and not going crazy),Anastasiia Stefanska,https://www.linkedin.com/posts/anastasiastefanska_avoid-my-mistake-how-to-access-cortex-agent-activity-7427739992300474369-va_P?utm_source=share&utm_medium=member_desktop&rcm=ACoAAAYy0M4Ba7_UVPizFbZfS_Zs6iJDjIgc-uM,2026-02-17,,"[Blog/ Article] Mi primer pipeline de ingesta de datos con Openflow en SPCS de Snowflake https://alb3rtoalonso.com/2026/02/23/mi-primer-pipeline-de-ingesta-de-datos-con-openflow-en-spcs-de-snowflake/, Alberto Alonso Marcos",
,2026-02-13,Data Engineering,Snowflake Tables,LinkedIn Post,Tables and their usecase in Snowflake,Riya Khandelwal,https://www.linkedin.com/posts/riyakhandelwal_this-saved-me-hours-of-googling-so-i-put-activity-7427547024809500672-RvQo?utm_source=share&utm_medium=member_desktop&rcm=ACoAAB2PgcYBKz49p1yEcPIiQrrsvsga68Qk2kA,2026-02-17,,"[Video] Snowflake AI: Building Cortex Agent Log Analysis with JSON Parsing & LLM Fine-Tuning, Cortex Code Snowflake AI: Building Cortex Agent Log Analysis with JSON Parsing & LLM Fine-Tuning, Cortex Code, Anastasiia Stefanska",
,2026-02-17,Data Engineering,Streams and Tasks,LinkedIn Post,Snowflake Streams and Tasks,Riya Khandelwal,https://www.linkedin.com/posts/riyakhandelwal_most-teams-use-snowflake-few-use-it-properly-activity-7429358969179074560-l90-?utm_source=social_share_send&utm_medium=member_desktop_web&rcm=ACoAAB2PgcYBKz49p1yEcPIiQrrsvsga68Qk2kA,2026-02-17,,"[LinkedIn Post] Chennai Snowflake Community Kicks Off FY'27 with Momentum and Impact https://www.linkedin.com/posts/karthik-s-raman_snowflake-datasuperhero-snowflakeabradvocate-activity-7430988299374194689-HYTm?utm_source=share&utm_medium=member_desktop&rcm=ACoAAAXrp-sBG3HumeYUsk43eDqyMCTcV9AKQZ0, Karthik Raman",
,,Events/ Community,,Event,Build Your First Machine Learning Project on Snowflake,Alex M. ,https://www.snowflake.com/en/webinars/virtual-hands-on-lab/build-your-first-machine-learning-project-2026-02-18/?utm_source=dsh&utm_medium=partner&utm_campaign=alex-dsh,2026-02-17,,"[LinkedIn Post] SnowPro Advanced Security Engineer - Takeaways, Tobias Krüger, https://www.linkedin.com/posts/tkrueger88_snowflake-advanced-security-engineer-tobias-activity-7434497395427602432-irIs?utm_source=share&utm_medium=member_desktop&rcm=ACoAABdhPVgBVjamobtwoRPfuXwzgUHjnjI3BdY",
,2026-01-08,Platform,Backups,Blog/ Article ,Backups Inmutables de Snowflake para simplificar la gestión de los datos,Alberto Alonso Marcos,https://alb3rtoalonso.com/2026/01/08/backups-inmutables-de-snowflake-para-simplificar-la-gestion-de-los-datos/,2026-03-03,,"[Blog/ Article] Backups Inmutables de Snowflake para simplificar la gestión de los datos https://alb3rtoalonso.com/2026/01/08/backups-inmutables-de-snowflake-para-simplificar-la-gestion-de-los-datos/, Alberto Alonso Marcos",
,2026-01-12,General,Snowflake Acquisitions,Blog/ Article ,Snowflake + Observe: ¿Qué representa para el data journey de las organizaciones?,Alberto Alonso Marcos,https://alb3rtoalonso.com/2026/01/12/snowflake-observe-que-representa-para-el-data-journey-de-las-organizaciones/,2026-03-03,,"[LinkedIn Post] Cortex Code Walkthorugh - AI powered PII detection https://www.linkedin.com/posts/masteringsnowflake_snowflake-cortex-code-tutorial-testing-activity-7429298169173368832-JHRa?utm_source=share&utm_medium=member_desktop&rcm=ACoAAABph08B5Os0lwS4YMZ0s189O1TVJ2UCgoQ, Adam Morton",
,2026-01-18,Data Engineering,What's new,LinkedIn Post,External Lineage in Snowflake ,Madhivanan Anbalagan ,https://www.linkedin.com/posts/madhiceg_snowflake-datasuperhero-externallineage-activity-7418830577333710848-_g-T?utm_source=share&utm_medium=member_desktop&rcm=ACoAAA_hpl8BomiGTdbg4k-KvFR1_Ka-Sfe36tI,2026-03-03,,"[Blog/ Article] Snowflake + Observe: ¿Qué representa para el data journey de las organizaciones? https://alb3rtoalonso.com/2026/01/12/snowflake-observe-que-representa-para-el-data-journey-de-las-organizaciones/, Alberto Alonso Marcos",
,2026-02-06,Certifications & Training,SnowPro Certifications,LinkedIn Post,SnowPro Specialty: Gen AI - A Practical Prep Guide!,Madhivanan Anbalagan ,SnowPro Specialty: Gen AI - A Practical Prep Guide! (https://www.linkedin.com/pulse/snowpro-specialty-gen-ai-practical-prep-guide-madhivanan-anbalagan-ndnnc),2026-03-03,,"[Blog/ Article] Snowflake + Microsoft Fabric: el futuro de la interoperabilidad abierta con Apache Iceberg y https://alb3rtoalonso.com/2026/02/18/snowflake-microsoft-fabric-el-futuro-de-la-interoperabilidad-abierta-con-apache-iceberg-and-onelake/, Alberto Alonso Marcos",
,2026-02-10,AI ,Cortex AI Functions,LinkedIn Post,Pixel to Insight: Scaling Visual Intelligence with Snowflake AI_PARSE_DOCUMENT,Pascal Pfäffle,https://www.linkedin.com/posts/pascalpfaeffle_pixel-to-insight-scaling-visual-intelligence-activity-7423994845997830144-QwQl?utm_source=share&utm_medium=member_desktop&rcm=ACoAACaxhpMBiH5FJABN9RkNQRem311U1kqLA4s,2026-03-03,,"[Blog/ Article] Mi primer pipeline de ingesta de datos con Openflow en SPCS de Snowflake https://alb3rtoalonso.com/2026/02/23/mi-primer-pipeline-de-ingesta-de-datos-con-openflow-en-spcs-de-snowflake/, Alberto Alonso Marcos",
,2026-02-11,AI ,Cortex Search,Blog/ Article ,Building a dbt Incremental Model for Parsing and Chunking PDFs for Snowflake Cortex Search Service,Satoshi Sagara,https://dev.to/sagara/building-a-dbt-incremental-model-for-parsing-and-chunking-pdfs-for-snowflake-cortex-search-service-3eik,2026-03-03,,"[Blog/ Article] Snowflake y la importancia de cumplir con regulaciones como HIPAA https://alb3rtoalonso.com/2026/02/20/snowflake-y-la-importancia-de-cumplir-con-regulaciones-como-hipaa/, Alberto Alonso Marcos",
,2026-02-11,AI ,Cortex Search,LinkedIn Post,Building a dbt Incremental Model for Parsing and Chunking PDFs for Snowflake Cortex Search Service,Satoshi Sagara,https://www.linkedin.com/feed/update/urn:li:activity:7427127561580826624/,2026-03-03,,"[LinkedIn Post] My latest video: Building Cortex Agent Log Analysis with JSON Parsing & LLM Fine-Tuning, Cortex Code - is live! https://www.linkedin.com/posts/anastasiastefanska_snowflake-ai-building-cortex-agent-log-analysis-activity-7429845247960158208-6-CA?utm_source=share&utm_medium=member_desktop&rcm=ACoAAAYy0M4Ba7_UVPizFbZfS_Zs6iJDjIgc-uM, Anastasiia Stefanska",
,2026-02-12,Data Engineering,What's new,LinkedIn Post,No two Native UUIDs are alike,Lourence Kruger,https://www.linkedin.com/posts/activity-7427287748467732480-FT4X?utm_source=share&utm_medium=member_desktop&rcm=ACoAAAEVbhUBCS_E-qczUJzb_7bPn-TtgaLQRcU,2026-03-03,,"[Video] Snowflake AI: Building Cortex Agent Log Analysis with JSON Parsing & LLM Fine-Tuning, Cortex Code Snowflake AI: Building Cortex Agent Log Analysis with JSON Parsing & LLM Fine-Tuning, Cortex Code, Anastasiia Stefanska",
,2026-02-12,AI ,Semantic Layer,LinkedIn Post,Semantic View Autopilot,Pascal Pfäffle,https://www.linkedin.com/posts/pascalpfaeffle_from-queries-to-clarity-automating-your-activity-7426911426524569600-f-F9?utm_source=share&utm_medium=member_desktop&rcm=ACoAACaxhpMBiH5FJABN9RkNQRem311U1kqLA4s,2026-03-03,,"[LinkedIn Post] Melbourne STUG March 2026 Meetup, Felix Chou, https://www.linkedin.com/posts/felixchou_snowflake-stug-snowflakecommunity-activity-7430148711017590784-e8Z1?utm_source=share&utm_medium=member_desktop&rcm=ACoAAACYXTIB_L8eowr3i2p1658JhLd9UuLXlv0",
,2026-02-14,Thought Leadership,,Blog/ Article ,"The Long Game: Leadership, Stewardship, and the Heart of a Data Superhero",Noah Goodrich,https://medium.com/snowflake/the-long-game-74cb3d68e173,2026-03-03,,"[LinkedIn Post] Data Driver Award 2026 https://www.linkedin.com/posts/felixchou_could-you-be-the-2026-data-driver-of-the-activity-7432592536311070720-Dxb3?utm_source=share&utm_medium=member_desktop&rcm=ACoAAACYXTIB_L8eowr3i2p1658JhLd9UuLXlv0, Felix Chou",
true,2026-02-15,AI ,Cortex Code,Blog/ Article ,Snowflake Cortex Code (CoCo) in Snowsight,Satish Tirumalasetti,https://medium.com/p/6dfe73eff937,2026-03-03,,"[LinkedIn Post] Inspired 🌼 to create a Cortex Code Streamlit App , Joyce Avila, https://www.linkedin.com/posts/joycekayavila_snowflakecommunity-datasuperhero-snowflakesquad-share-7433902431534530560-7Sku?utm_source=share&utm_medium=member_desktop&rcm=ACoAABTAh3sBECTefYuXiGje_rq6WlYCY3inX1I",
true,2026-02-16,AI ,Cortex Code,LinkedIn Post,Cortex Code Walkthorugh - AI powered PII detection,Adam Morton,https://www.linkedin.com/posts/masteringsnowflake_snowflake-cortex-code-tutorial-testing-activity-7429298169173368832-JHRa?utm_source=share&utm_medium=member_desktop&rcm=ACoAAABph08B5Os0lwS4YMZ0s189O1TVJ2UCgoQ,2026-03-03,,"[LinkedIn Post] Improving Patient Outcomes with Snowflake: An Evening With Industry Leaders, Joyce Avila, https://www.linkedin.com/posts/joycekayavila_30daysofai-datasuperhero-dfwcommunity-activity-7433259710897864704-ieju?utm_source=share&utm_medium=member_desktop&rcm=ACoAABTAh3sBECTefYuXiGje_rq6WlYCY3inX1I",
,2026-02-17,General,Semantic autopilot,LinkedIn Post,Semantic View Autopilot,Mandeep Singh,https://www.linkedin.com/posts/mandeep-singh-bb4b54139_snowflake-delivers-semantic-view-autopilot-activity-7429742643775029248-HfV7?utm_source=social_share_send&utm_medium=member_desktop_web&rcm=ACoAACHOyrgBLQCHjTMgLJAGeuhxzpo6wFyxYYU,2026-03-03,,"[LinkedIn Post] Chennai Snowflake Community Kicks Off FY'27 with Momentum and Impact https://www.linkedin.com/posts/karthik-s-raman_snowflake-datasuperhero-snowflakeabradvocate-activity-7430988299374194689-HYTm?utm_source=share&utm_medium=member_desktop&rcm=ACoAAAXrp-sBG3HumeYUsk43eDqyMCTcV9AKQZ0, Karthik Raman",
,2026-02-17,AI ,Cortex Code,LinkedIn Post,Introduced Snowflake Cortex Code,Pascal Pfäffle,https://www.linkedin.com/posts/pascalpfaeffle_from-code-to-context-redefining-the-data-activity-7429474758787964928-iJp1?utm_source=share&utm_medium=member_desktop&rcm=ACoAACaxhpMBiH5FJABN9RkNQRem311U1kqLA4s,2026-03-03,,"[LinkedIn Post] No two Native UUIDs are alike, Lourence Kruger, https://www.linkedin.com/posts/activity-7427287748467732480-FT4X?utm_source=share&utm_medium=member_desktop&rcm=ACoAAAEVbhUBCS_E-qczUJzb_7bPn-TtgaLQRcU",
,2026-02-18,Platform,Iceberg REST Catalog (IRC),Blog/ Article ,Snowflake + Microsoft Fabric: el futuro de la interoperabilidad abierta con Apache Iceberg y ,Alberto Alonso Marcos,https://alb3rtoalonso.com/2026/02/18/snowflake-microsoft-fabric-el-futuro-de-la-interoperabilidad-abierta-con-apache-iceberg-and-onelake/,2026-03-03,,"[LinkedIn Post] External Lineage in Snowflake , Madhivanan Anbalagan , https://www.linkedin.com/posts/madhiceg_snowflake-datasuperhero-externallineage-activity-7418830577333710848-_g-T?utm_source=share&utm_medium=member_desktop&rcm=ACoAAA_hpl8BomiGTdbg4k-KvFR1_Ka-Sfe36tI",
,2026-02-18,Analytics,Cortex Logs Analysis,LinkedIn Post,"My latest video: Building Cortex Agent Log Analysis with JSON Parsing & LLM Fine-Tuning, Cortex Code - is live!",Anastasiia Stefanska,https://www.linkedin.com/posts/anastasiastefanska_snowflake-ai-building-cortex-agent-log-analysis-activity-7429845247960158208-6-CA?utm_source=share&utm_medium=member_desktop&rcm=ACoAAAYy0M4Ba7_UVPizFbZfS_Zs6iJDjIgc-uM,2026-03-03,,"[LinkedIn Post] SnowPro Specialty: Gen AI - A Practical Prep Guide!, Madhivanan Anbalagan, SnowPro Specialty: Gen AI - A Practical Prep Guide!",
,2026-02-18,Analytics,Cortex Logs Analysis,Video,"Snowflake AI: Building Cortex Agent Log Analysis with JSON Parsing & LLM Fine-Tuning, Cortex Code",Anastasiia Stefanska,"Snowflake AI: Building Cortex Agent Log Analysis with JSON Parsing & LLM Fine-Tuning, Cortex Code",2026-03-03,,"[LinkedIn Post] In love with Cortex Code 🩵 Snowflake's next big thing for builders! https://www.linkedin.com/posts/madhiceg_snowflake-cortexcode-coco-activity-7432779178485178370-bpIk?utm_source=social_share_send&utm_medium=member_desktop_web&rcm=ACoAAA_hpl8BomiGTdbg4k-KvFR1_Ka-Sfe36tI, Madhivanan Anbalagan",
,2026-02-18,Events/ Community,Data4Breakfast,LinkedIn Post,Data4Breakfast Germany,Pascal Pfäffle,https://www.linkedin.com/posts/pascalpfaeffle_stop-reacting-to-trends-start-building-the-activity-7430271400323497985-grXc?utm_source=share&utm_medium=member_desktop&rcm=ACoAACaxhpMBiH5FJABN9RkNQRem311U1kqLA4s,2026-03-03,,"[LinkedIn Post] Snowflake Calgary User Group showed up strong once again 🤩, Madhivanan Anbalagan, https://www.linkedin.com/posts/madhiceg_snowflake-datasuperhero-calgary-activity-7432928338660302848-nJ-G?utm_source=share&utm_medium=member_desktop&rcm=ACoAAA_hpl8BomiGTdbg4k-KvFR1_Ka-Sfe36tI",
,2026-02-19,AI ,Snowflake ML,LinkedIn Post,"Do you have scenarios where AI/ML models need to be used in ""fast and furious"" mode?",Pawel Potasinski,https://www.linkedin.com/feed/update/urn:li:activity:7430174307852410881/,2026-03-03,,"[LinkedIn Post] Semantic View Autopilot https://www.linkedin.com/posts/mandeep-singh-bb4b54139_snowflake-delivers-semantic-view-autopilot-activity-7429742643775029248-HfV7?utm_source=social_share_send&utm_medium=member_desktop_web&rcm=ACoAACHOyrgBLQCHjTMgLJAGeuhxzpo6wFyxYYU, Mandeep Singh",
true,2026-02-19,AI ,Cortex Code,LinkedIn Post,From Vision to Execution: A Data Leader’s Guide to Snowflake Cortex Code,Rajiv Gupta,https://www.linkedin.com/posts/rajiv-gupta-618b0228_snowflake-cortexcode-dataleadership-activity-7430205997580861441-zFLr?utm_source=share&utm_medium=member_desktop&rcm=ACoAAAXb1PQBpt3iLfOGRWE_fYkrkXVt0TU0AX8,2026-03-03,,"[LinkedIn Post] Snowflake DFW User Group - Improving Patient Outcomes with Snowflake and Whats new (Cortex Code), Mandeep Singh, https://www.linkedin.com/posts/mandeep-singh-bb4b54139_childrenshealth-snowflake-healthcare-activity-7433397460317724672-pMF6?utm_source=share&utm_medium=member_desktop&rcm=ACoAACHOyrgBLQCHjTMgLJAGeuhxzpo6wFyxYYU",
,2026-02-20,Events/ Community,STUG Meetup,LinkedIn Post,Melbourne STUG March 2026 Meetup,Felix Chou,https://www.linkedin.com/posts/felixchou_snowflake-stug-snowflakecommunity-activity-7430148711017590784-e8Z1?utm_source=share&utm_medium=member_desktop&rcm=ACoAAACYXTIB_L8eowr3i2p1658JhLd9UuLXlv0,2026-03-03,,"[LinkedIn Post] Helsinki User Group had a big joint event with local DataTribe Community, Mika Heino, https://www.linkedin.com/posts/mheino_snowflake-datasuperhero-snowflakecommunity-activity-7432673339099238400-VPr4?utm_source=share&utm_medium=member_desktop&rcm=ACoAAAC83M8BMkksDDf0OFZZot4EvpoCUZUYfl8",
,2026-02-21,Events/ Community,STUG Meetup,LinkedIn Post,Chennai Snowflake Community Kicks Off FY'27 with Momentum and Impact,Karthik Raman ,https://www.linkedin.com/posts/karthik-s-raman_snowflake-datasuperhero-snowflakeabradvocate-activity-7430988299374194689-HYTm?utm_source=share&utm_medium=member_desktop&rcm=ACoAAAXrp-sBG3HumeYUsk43eDqyMCTcV9AKQZ0,2026-03-03,,"[Blog/ Article] The Long Game: Leadership, Stewardship, and the Heart of a Data Superhero https://medium.com/snowflake/the-long-game-74cb3d68e173, Noah Goodrich",
,2026-02-21,Events/ Community,STUG Meetup,LinkedIn Post,Pune User Group Feb Meetup,Rajiv Gupta,https://www.linkedin.com/posts/rajiv-gupta-618b0228_puneusergroup-share-7430880094367195136-yhI8?utm_source=share&utm_medium=member_desktop&rcm=ACoAAAXb1PQBpt3iLfOGRWE_fYkrkXVt0TU0AX8,2026-03-03,,"[LinkedIn Post] Beyond Role Sprawl: Scalable Governance with Snowflake Database Roles, Pascal Pfäffle, https://www.linkedin.com/posts/pascalpfaeffle_beyond-role-sprawl-mastering-snowflake-database-activity-7433424481114779648-kpDD?utm_source=share&utm_medium=member_desktop&rcm=ACoAACaxhpMBiH5FJABN9RkNQRem311U1kqLA4s",
true,2026-02-22,AI ,Cortex Code,Blog/ Article ,Demystifying Snowflake Cortex Code (CoCo)Demystifying Snowflake Cortex Code (CoCo),Saurabh Kumar ,https://www.linkedin.com/posts/saurabh-kr15_demystifying-snowflake-cortex-code-coco-activity-7431472879457751040-91OI?utm_source=share&utm_medium=member_desktop&rcm=ACoAAAMkckkBB9EwZZjVkVprmWq7vkaHbQP52bE,2026-03-03,,"[LinkedIn Post] Introduced Snowflake Cortex Code, Pascal Pfäffle, https://www.linkedin.com/posts/pascalpfaeffle_from-code-to-context-redefining-the-data-activity-7429474758787964928-iJp1?utm_source=share&utm_medium=member_desktop&rcm=ACoAACaxhpMBiH5FJABN9RkNQRem311U1kqLA4s",
,2026-02-22,AI ,Cortex Code,Blog/ Article ,Cortex Code (CoCo): Powering Agentic AI Workflows,Somen Swain ,https://www.linkedin.com/posts/activity-7431190306810810368--x9N?utm_source=share&utm_medium=member_desktop&rcm=ACoAAAKU6TIBCtR3vJXMAKrhAn6VIriMy9VO82U,2026-03-03,,"[LinkedIn Post] Semantic View Autopilot, Pascal Pfäffle, https://www.linkedin.com/posts/pascalpfaeffle_from-queries-to-clarity-automating-your-activity-7426911426524569600-f-F9?utm_source=share&utm_medium=member_desktop&rcm=ACoAACaxhpMBiH5FJABN9RkNQRem311U1kqLA4s",
,2026-02-23,Data Engineering,Openflow,Blog/ Article ,Mi primer pipeline de ingesta de datos con Openflow en SPCS de Snowflake,Alberto Alonso Marcos,https://alb3rtoalonso.com/2026/02/23/mi-primer-pipeline-de-ingesta-de-datos-con-openflow-en-spcs-de-snowflake/,2026-03-03,,"[LinkedIn Post] Pixel to Insight: Scaling Visual Intelligence with Snowflake AI_PARSE_DOCUMENT https://www.linkedin.com/posts/pascalpfaeffle_pixel-to-insight-scaling-visual-intelligence-activity-7423994845997830144-QwQl?utm_source=share&utm_medium=member_desktop&rcm=ACoAACaxhpMBiH5FJABN9RkNQRem311U1kqLA4s, Pascal Pfäffle",
true,2026-02-23,AI ,,LinkedIn Post,Enforce Snowflake Cortex Code (CoCo) Human-In-The-Loop query review,Tim Spreitzer ,https://www.linkedin.com/posts/timspreitzer_datasuperhero-snowflakeabradvocate-snowflake-activity-7430369296394129408-wddk?utm_source=share&utm_medium=member_desktop&rcm=ACoAAAKU6TIBCtR3vJXMAKrhAn6VIriMy9VO82U,2026-03-03,,"[LinkedIn Post] Data4Breakfast Germany https://www.linkedin.com/posts/pascalpfaeffle_stop-reacting-to-trends-start-building-the-activity-7430271400323497985-grXc?utm_source=share&utm_medium=member_desktop&rcm=ACoAACaxhpMBiH5FJABN9RkNQRem311U1kqLA4s, Pascal Pfäffle",
,2026-02-24,AI ,Cortex Agents/Snowflake Intelligence,LinkedIn Post,You can't manage what you can't measure. Now Snowflake gives you full visibility into your AI agent costs and usage too!,Pawel Potasinski,https://www.linkedin.com/posts/pawelpotasinski_snowflake-cortexagents-snowflakeintelligence-activity-7431986441460580352-zDAs?utm_source=share&utm_medium=member_desktop&rcm=ACoAAABpFkcBjOoTtqnWcxvXPd8iBVqQ3YEqfrQ,2026-03-03,,"[LinkedIn Post] Do you have scenarios where AI/ML models need to be used in ""fast and furious"" mode? https://www.linkedin.com/feed/update/urn:li:activity:7430174307852410881/, Pawel Potasinski",
,2026-02-26,Events/ Community,Award Nomination,LinkedIn Post,Data Driver Award 2026,Felix Chou,https://www.linkedin.com/posts/felixchou_could-you-be-the-2026-data-driver-of-the-activity-7432592536311070720-Dxb3?utm_source=share&utm_medium=member_desktop&rcm=ACoAAACYXTIB_L8eowr3i2p1658JhLd9UuLXlv0,2026-03-03,,"[LinkedIn Post] You can't manage what you can't measure. Now Snowflake gives you full visibility into your AI agent costs and usage too!, Pawel Potasinski, https://www.linkedin.com/posts/pawelpotasinski_snowflake-cortexagents-snowflakeintelligence-activity-7431986441460580352-zDAs?utm_source=share&utm_medium=member_desktop&rcm=ACoAAABpFkcBjOoTtqnWcxvXPd8iBVqQ3YEqfrQ",
,2026-02-26,AI ,Cortex Code,LinkedIn Post,In love with Cortex Code 🩵 Snowflake's next big thing for builders!,Madhivanan Anbalagan ,https://www.linkedin.com/posts/madhiceg_snowflake-cortexcode-coco-activity-7432779178485178370-bpIk?utm_source=social_share_send&utm_medium=member_desktop_web&rcm=ACoAAA_hpl8BomiGTdbg4k-KvFR1_Ka-Sfe36tI,2026-03-03,,"[Blog/ Article] Data Platform News - February 2026 https://www.linkedin.com/posts/pawelpotasinski_snowflake-microsoftfabric-databricks-activity-7434160622331748352-Qddb?utm_source=share&utm_medium=member_desktop&rcm=ACoAAABpFkcBjOoTtqnWcxvXPd8iBVqQ3YEqfrQ, Pawel Potasinski",
false,2026-02-26,Events/ Community,STUG Meetup,LinkedIn Post,Snowflake Calgary User Group showed up strong once again 🤩 ,Madhivanan Anbalagan ,https://www.linkedin.com/posts/madhiceg_snowflake-datasuperhero-calgary-activity-7432928338660302848-nJ-G?utm_source=share&utm_medium=member_desktop&rcm=ACoAAA_hpl8BomiGTdbg4k-KvFR1_Ka-Sfe36tI,2026-03-03,,"[LinkedIn Post] From Vision to Execution: A Data Leader’s Guide to Snowflake Cortex Code, Rajiv Gupta, https://www.linkedin.com/posts/rajiv-gupta-618b0228_snowflake-cortexcode-dataleadership-activity-7430205997580861441-zFLr?utm_source=share&utm_medium=member_desktop&rcm=ACoAAAXb1PQBpt3iLfOGRWE_fYkrkXVt0TU0AX8",
,2026-02-26,Events/ Community,STUG Meetup,LinkedIn Post,Helsinki User Group had a big joint event with local DataTribe Community,Mika Heino,https://www.linkedin.com/posts/mheino_snowflake-datasuperhero-snowflakecommunity-activity-7432673339099238400-VPr4?utm_source=share&utm_medium=member_desktop&rcm=ACoAAAC83M8BMkksDDf0OFZZot4EvpoCUZUYfl8,2026-03-03,,"[LinkedIn Post] Pune User Group Feb Meetup, Rajiv Gupta, https://www.linkedin.com/posts/rajiv-gupta-618b0228_puneusergroup-share-7430880094367195136-yhI8?utm_source=share&utm_medium=member_desktop&rcm=ACoAAAXb1PQBpt3iLfOGRWE_fYkrkXVt0TU0AX8",
,2026-02-26,AI ,Cortex Data Quality,Blog/ Article ,Snowflake's New Feature: AI-Powered Data Quality Checks You Can Set Up Directly in Snowsight,Satoshi Sagara,https://dev.to/sagara/snowflakes-new-feature-ai-powered-data-quality-checks-you-can-set-up-directly-in-snowsight-2mpm,2026-03-03,,"[Blog/ Article] Snowflake Cortex Code (CoCo) in Snowsight https://medium.com/p/6dfe73eff937, Satish Tirumalasetti",
,2026-02-26,AI ,Cortex Data Quality,LinkedIn Post,Snowflake's New Feature: AI-Powered Data Quality Checks You Can Set Up Directly in Snowsight,Satoshi Sagara,https://www.linkedin.com/feed/update/urn:li:share:7432601127956860928/,2026-03-03,,"[Blog/ Article] Building a dbt Incremental Model for Parsing and Chunking PDFs for Snowflake Cortex Search Service https://dev.to/sagara/building-a-dbt-incremental-model-for-parsing-and-chunking-pdfs-for-snowflake-cortex-search-service-3eik, Satoshi Sagara",
,2026-02-27,Events/ Community,STUG Meetup,LinkedIn Post,Improving Patient Outcomes with Snowflake: An Evening With Industry Leaders,Joyce Avila,https://www.linkedin.com/posts/joycekayavila_30daysofai-datasuperhero-dfwcommunity-activity-7433259710897864704-ieju?utm_source=share&utm_medium=member_desktop&rcm=ACoAABTAh3sBECTefYuXiGje_rq6WlYCY3inX1I,2026-03-03,,"[LinkedIn Post] Building a dbt Incremental Model for Parsing and Chunking PDFs for Snowflake Cortex Search Service https://www.linkedin.com/feed/update/urn:li:activity:7427127561580826624/, Satoshi Sagara",
,2026-02-27,Events/ Community,Cortex Code,LinkedIn Post,Snowflake DFW User Group - Improving Patient Outcomes with Snowflake and Whats new (Cortex Code),Mandeep Singh,https://www.linkedin.com/posts/mandeep-singh-bb4b54139_childrenshealth-snowflake-healthcare-activity-7433397460317724672-pMF6?utm_source=share&utm_medium=member_desktop&rcm=ACoAACHOyrgBLQCHjTMgLJAGeuhxzpo6wFyxYYU,2026-03-03,,"[Blog/ Article] Snowflake's New Feature: AI-Powered Data Quality Checks You Can Set Up Directly in Snowsight https://dev.to/sagara/snowflakes-new-feature-ai-powered-data-quality-checks-you-can-set-up-directly-in-snowsight-2mpm, Satoshi Sagara",
,2026-02-28,Platform,RBAC,LinkedIn Post,Beyond Role Sprawl: Scalable Governance with Snowflake Database Roles,Pascal Pfäffle,https://www.linkedin.com/posts/pascalpfaeffle_beyond-role-sprawl-mastering-snowflake-database-activity-7433424481114779648-kpDD?utm_source=share&utm_medium=member_desktop&rcm=ACoAACaxhpMBiH5FJABN9RkNQRem311U1kqLA4s,2026-03-03,,"[LinkedIn Post] Snowflake's New Feature: AI-Powered Data Quality Checks You Can Set Up Directly in Snowsight https://www.linkedin.com/feed/update/urn:li:share:7432601127956860928/, Satoshi Sagara",
,2026-03-01,Apps & Collaboration,Cortex Code,LinkedIn Post,Inspired 🌼 to create a Cortex Code Streamlit App ,Joyce Avila,https://www.linkedin.com/posts/joycekayavila_snowflakecommunity-datasuperhero-snowflakesquad-share-7433902431534530560-7Sku?utm_source=share&utm_medium=member_desktop&rcm=ACoAABTAh3sBECTefYuXiGje_rq6WlYCY3inX1I,2026-03-03,,"[Blog/ Article] Demystifying Snowflake Cortex Code (CoCo)Demystifying Snowflake Cortex Code (CoCo) https://www.linkedin.com/posts/saurabh-kr15_demystifying-snowflake-cortex-code-coco-activity-7431472879457751040-91OI?utm_source=share&utm_medium=member_desktop&rcm=ACoAAAMkckkBB9EwZZjVkVprmWq7vkaHbQP52bE, Saurabh Kumar",
,2026-03-02,General,What's new,Blog/ Article ,Data Platform News - February 2026,Pawel Potasinski,https://www.linkedin.com/posts/pawelpotasinski_snowflake-microsoftfabric-databricks-activity-7434160622331748352-Qddb?utm_source=share&utm_medium=member_desktop&rcm=ACoAAABpFkcBjOoTtqnWcxvXPd8iBVqQ3YEqfrQ,2026-03-03,,"[Blog/ Article] Cortex Code (CoCo): Powering Agentic AI Workflows https://www.linkedin.com/posts/activity-7431190306810810368--x9N?utm_source=share&utm_medium=member_desktop&rcm=ACoAAAKU6TIBCtR3vJXMAKrhAn6VIriMy9VO82U, Somen Swain",
,,Analytics,Data Classification,Blog/ Article ,Snowflake y la importancia de cumplir con regulaciones como HIPAA,Alberto Alonso Marcos,https://medium.com/@alexandersks/automating-cost-control-in-snowflake-a-deep-dive-into-budget-custom-cycle-start-actions-04e3b1897114,2026-03-03,,"[LinkedIn Post] Melbourne STUG March 2026 Meetup, Tim Spreitzer, https://www.linkedin.com/posts/timspreitzer_datasuperhero-snowflakeabradvocate-snowflake-activity-7430369296394129408-wddk?utm_source=share&utm_medium=member_desktop&rcm=ACoAAAKU6TIBCtR3vJXMAKrhAn6VIriMy9VO82U",
false,2025-03-04,Data Engineering,What's new,Blog/ Article ,Automating Cost Control in Snowflake: A Deep Dive into Budget Custom & Cycle‑Start Actions,Alex M. ,https://medium.com/@alexandersks/automating-cost-control-in-snowflake-a-deep-dive-into-budget-custom-cycle-start-actions-04e3b1897114,,,"[LinkedIn Post] I am honored to be awarded Snowflake DataSuperhero badge. I define my superpower as 💪supporting and elevating others in their data tech journey💜., Anastasiia Stefanska, https://www.linkedin.com/posts/anastasiastefanska_datasuperhero-activity-7431995151599681537-h3D2?utm_source=share&utm_medium=member_desktop&rcm=ACoAAAYy0M4Ba7_UVPizFbZfS_Zs6iJDjIgc-uM",
,2026-02-14,Platform,RBAC,Blog/ Article ,Snowflake SQL in a Nutshell: Consolidated report on Super-Role Grants in your Organization,Nadir Doctor,https://medium.com/@nadird3/snowflake-sql-in-a-nutshell-consolidated-report-on-super-role-grants-in-your-organization-e5841cc746c5,,,"[Video] Cortex Code Hack - How to add Skills Directly in Snowsight (No CLI Tutorial), Anastasiia Stefanska, Cortex Code Hack - How to add Skills Directly in Snowsight (No CLI Tutorial)",
,2026-02-21,Events/ Community,STUG Meetup,LinkedIn Post,Hyderabad User Group February Meetup,Satish Tirumalasetti,https://www.linkedin.com/posts/satish-tirumalasetti_snowflake-datacommunity-datasuperhero-activity-7430975989913968640-E7Ka?utm_source=share&utm_medium=member_desktop&rcm=ACoAADTMfecB7r4CFFyJaAFbC7_U_bhnQat9tP8,,,"[LinkedIn Post] You asked, I did: Cortex Code Skills video is on my YouTube, Anastasiia Stefanska, https://www.linkedin.com/posts/anastasiastefanska_cortex-code-hack-how-to-add-skills-directly-activity-7434159497834762241-WV7V?utm_source=share&utm_medium=member_desktop&rcm=ACoAAAYy0M4Ba7_UVPizFbZfS_Zs6iJDjIgc-uM",
,2026-02-23,Platform,What's new,LinkedIn Post,Performance explorer on Snowflake,Pierre-Mickaël CHANCRIN,https://www.linkedin.com/posts/piermick_workloads-dataops-finops-activity-7431616467030294529-yFoj?utm_source=share&utm_medium=member_desktop&rcm=ACoAAAsos84BBUxT89PQWpXsFPQhQ79XNVs9TK0,,,"[LinkedIn Post] Bengaluru User Group February Meetup, Karthik Raman, https://www.linkedin.com/posts/karthik-s-raman_snowflake-datasuperhero-snowflakeabradvocate-activity-7433507433953648640-2UBX?utm_source=share&utm_medium=member_desktop&rcm=ACoAAAXrp-sBG3HumeYUsk43eDqyMCTcV9AKQZ0",
,2026-02-24,Certifications & Training,Award Nomination,LinkedIn Post,Merci beaucoup pour cette reconnaissance en tant que Snowflake Data Super Hero 2026. ,Pierre-Mickaël CHANCRIN,https://www.linkedin.com/posts/piermick_data-superhero-2026-pierre-micka%C3%ABl-chancrin-activity-7431959448815988736-LsyL?utm_source=share&utm_medium=member_desktop&rcm=ACoAAAsos84BBUxT89PQWpXsFPQhQ79XNVs9TK0,,,"[LinkedIn Post] A quick tip for Snowflake Cortex Code users 👨‍💻, Madhivanan Anbalagan, https://www.linkedin.com/posts/madhiceg_snowflake-datasuperhero-cortexcode-activity-7434469586869108736-sEpw?utm_source=share&utm_medium=member_desktop&rcm=ACoAAA_hpl8BomiGTdbg4k-KvFR1_Ka-Sfe36tI",
,2026-02-25,Certifications & Training,Award Nomination,LinkedIn Post,I am honored to be awarded Snowflake DataSuperhero badge. I define my superpower as 💪supporting and elevating others in their data tech journey💜.,Anastasiia Stefanska,https://www.linkedin.com/posts/anastasiastefanska_datasuperhero-activity-7431995151599681537-h3D2?utm_source=share&utm_medium=member_desktop&rcm=ACoAAAYy0M4Ba7_UVPizFbZfS_Zs6iJDjIgc-uM,,,"[Blog/ Article] Snowflake SQL in a Nutshell: Consolidated report on Super-Role Grants in your Organization, Nadir Doctor, https://medium.com/@nadird3/snowflake-sql-in-a-nutshell-consolidated-report-on-super-role-grants-in-your-organization-e5841cc746c5",
,2026-02-28,Events/ Community,STUG Meetup,LinkedIn Post,Bengaluru User Group February Meetup,Karthik Raman ,https://www.linkedin.com/posts/karthik-s-raman_snowflake-datasuperhero-snowflakeabradvocate-activity-7433507433953648640-2UBX?utm_source=share&utm_medium=member_desktop&rcm=ACoAAAXrp-sBG3HumeYUsk43eDqyMCTcV9AKQZ0,,,"[LinkedIn Post] Well used AI can accelerate your business, poorly used AI can accelerate... your bills., Pawel Potasinski, https://www.linkedin.com/posts/pawelpotasinski_snowflake-snowflakecortex-ai-activity-7434523071912329217-cXbd?utm_source=share&utm_medium=member_desktop&rcm=ACoAAABpFkcBjOoTtqnWcxvXPd8iBVqQ3YEqfrQ",
,2026-02-28,Events/ Community,STUG Meetup,LinkedIn Post,Bengaluru User Group February Meetup,sandip pani,https://www.linkedin.com/posts/sandippani_last-saturday-bengaluru-didnt-just-host-activity-7434244450819768321-fHxx?utm_source=share&utm_medium=member_desktop&rcm=ACoAAAOz-DkBydkqyhdivveVBz1KRI9Ku18WQlQ,,,"[LinkedIn Post] Performance explorer on Snowflake, Pierre-Mickaël CHANCRIN, https://www.linkedin.com/posts/piermick_workloads-dataops-finops-activity-7431616467030294529-yFoj?utm_source=share&utm_medium=member_desktop&rcm=ACoAAAsos84BBUxT89PQWpXsFPQhQ79XNVs9TK0",
true,2026-03-02,AI ,Cortex Code,Video,Cortex Code Hack - How to add Skills Directly in Snowsight (No CLI Tutorial),Anastasiia Stefanska,https://www.youtube.com/watch?v=0235FTuRGdI,,,"[LinkedIn Post] Merci beaucoup pour cette reconnaissance en tant que Snowflake Data Super Hero 2026. , Pierre-Mickaël CHANCRIN, https://www.linkedin.com/posts/piermick_data-superhero-2026-pierre-micka%C3%ABl-chancrin-activity-7431959448815988736-LsyL?utm_source=share&utm_medium=member_desktop&rcm=ACoAAAsos84BBUxT89PQWpXsFPQhQ79XNVs9TK0",
true,2026-03-02,AI ,Cortex Code,LinkedIn Post,"You asked, I did: Cortex Code Skills video is on my YouTube",Anastasiia Stefanska,https://www.linkedin.com/posts/anastasiastefanska_cortex-code-hack-how-to-add-skills-directly-activity-7434159497834762241-WV7V?utm_source=share&utm_medium=member_desktop&rcm=ACoAAAYy0M4Ba7_UVPizFbZfS_Zs6iJDjIgc-uM,,,"[LinkedIn Post] POC about Cortex Agent on Snowflake, Pierre-Mickaël CHANCRIN,",
,2026-03-02,AI ,Cortex Code,LinkedIn Post,A quick tip for Snowflake Cortex Code users 👨‍💻,Madhivanan Anbalagan ,https://www.linkedin.com/posts/madhiceg_snowflake-datasuperhero-cortexcode-activity-7434469586869108736-sEpw?utm_source=share&utm_medium=member_desktop&rcm=ACoAAA_hpl8BomiGTdbg4k-KvFR1_Ka-Sfe36tI,,,"[LinkedIn Post] Cortex Cli in Action !, Pierre-Mickaël CHANCRIN, https://www.linkedin.com/posts/piermick_workloads-dataops-finops-activity-7431616467030294529-yFoj?utm_source=share&utm_medium=member_desktop&rcm=ACoAAAsos84BBUxT89PQWpXsFPQhQ79XNVs9TK0",
,2026-03-03,AI ,Cortex AI Functions,LinkedIn Post,"Well used AI can accelerate your business, poorly used AI can accelerate... your bills.",Pawel Potasinski,https://www.linkedin.com/posts/pawelpotasinski_snowflake-snowflakecortex-ai-activity-7434523071912329217-cXbd?utm_source=share&utm_medium=member_desktop&rcm=ACoAAABpFkcBjOoTtqnWcxvXPd8iBVqQ3YEqfrQ,,,I do not have enough information to answer the query. I am missing the value for Column H (Link) for this row. Please provide the link associated with this post.,
,2026-03-03,Certifications & Training,SnowPro Certifications,LinkedIn Post,SnowPro Advanced Security Engineer - Takeaways,Tobias Krüger,https://www.linkedin.com/posts/tkrueger88_snowflake-advanced-security-engineer-tobias-activity-7434497395427602432-irIs?utm_source=share&utm_medium=member_desktop&rcm=ACoAABdhPVgBVjamobtwoRPfuXwzgUHjnjI3BdY,,,"[LinkedIn Post] Bengaluru User Group February Meetup, sandip pani, https://www.linkedin.com/posts/sandippani_last-saturday-bengaluru-didnt-just-host-activity-7434244450819768321-fHxx?utm_source=share&utm_medium=member_desktop&rcm=ACoAAAOz-DkBydkqyhdivveVBz1KRI9Ku18WQlQ",
,2026-03-04,AI ,Cortex Agents,LinkedIn Post,POC about Cortex Agent on Snowflake,Pierre-Mickaël CHANCRIN,https://www.linkedin.com/posts/piermick_cortex-ia-mistral-activity-7434870305187323905-UJsE?utm_source=share&utm_medium=member_desktop&rcm=ACoAAAsos84BBUxT89PQWpXsFPQhQ79XNVs9TK0,,,"[LinkedIn Post] Hyderabad User Group February Meetup, Satish Tirumalasetti, https://www.linkedin.com/posts/satish-tirumalasetti_snowflake-datacommunity-datasuperhero-activity-7430975989913968640-E7Ka?utm_source=share&utm_medium=member_desktop&rcm=ACoAADTMfecB7r4CFFyJaAFbC7_U_bhnQat9tP8",
,2026-03-17,AI ,Cortex Code,Blog/ Article ,Cortex Cli in Action !,Pierre-Mickaël CHANCRIN,https://piermick.wordpress.com/?p=30707,,,"[LinkedIn Post] SnowPro Advanced Security Engineer - Takeaways, Tobias Krüger, https://www.linkedin.com/posts/tkrueger88_snowflake-advanced-security-engineer-tobias-activity-7434497395427602432-irIs?utm_source=share&utm_medium=member_desktop&rcm=ACoAABdhPVgBVjamobtwoRPfuXwzgUHjnjI3BdY",
,2026-03-10,AI ,Cortex Code,Blog/ Article ,How to use Snowflake Cortex Code,Pierre-Mickaël CHANCRIN,https://piermick.wordpress.com/?p=30686,,,"[Blog/ Article] Automating Cost Control in Snowflake: A Deep Dive into Budget Custom & Cycle‑Start Actions, Alex M., https://medium.com/@alexandersks/automating-cost-control-in-snowflake-a-deep-dive-into-budget-custom-cycle-start-actions-04e3b1897114",
false,2026-03-05,AI ,Cortex Code,LinkedIn Post,My Cortex Code use cases so far,Pawel Potasinski,https://www.linkedin.com/feed/update/urn:li:activity:7435247868015218688/,,,#ERROR!,
,2026-02-25,Data Engineering,,Blog/ Article ,"Unlocking Secure, Scalable Retail Insights With Snowflake Native Apps",Stéphane Burwash,https://www.linkedin.com/posts/infostrux_unlocking-secure-scalable-retail-insights-activity-7434993228925472770-1hnW?utm_source=share&utm_medium=member_desktop&rcm=ACoAACjIRW4BejDiGEuHLeM0lXK8G9ugyaRw_-c,,,#ERROR!,
,,,,,,,,,,#ERROR!,
,,,,,,,,,,#ERROR!,
,,,,,,,,,,#ERROR!,
,,,,,,,,,,#ERROR!,
,,,,,,,,,,#ERROR!,
,,,,,,,,,,#ERROR!,
,,,,,,,,,,#ERROR!,
,,,,,,,,,,#ERROR!,
,,,,,,,,,,#ERROR!,
,,,,,,,,,,#ERROR!,
,,,,,,,,,,#ERROR!,
,,,,,,,,,,#ERROR!,
,,,,,,,,,,#ERROR!,
,,,,,,,,,,#ERROR!,
,,,,,,,,,,#ERROR!,
,,,,,,,,,,#ERROR!,
,,,,,,,,,,#ERROR!,
,,,,,,,,,,#ERROR!,
,,,,,,,,,,#ERROR!,
,,,,,,,,,,#ERROR!,
,,,,,,,,,,#ERROR!,
,,,,,,,,,,#ERROR!,
,,,,,,,,,,#ERROR!,
,,,,,,,,,,#ERROR!,
,,,,,,,,,,#ERROR!,
,,,,,,,,,,#ERROR!,
,,,,,,,,,,#ERROR!,
,,,,,,,,,,#ERROR!,
,,,,,,,,,,#ERROR!,
,,,,,,,,,,#ERROR!,
,,,,,,,,,,#ERROR!,
,,,,,,,,,,#ERROR!,
,,,,,,,,,,#ERROR!,